"Data Source","World Development Indicators",

"Last Updated Date","2019-01-30",

"Country Name","Country Code","Indicator Name","Indicator Code","1960","1961","1962","1963","1964","1965","1966","1967","1968","1969","1970","1971","1972","1973","1974","1975","1976","1977","1978","1979","1980","1981","1982","1983","1984","1985","1986","1987","1988","1989","1990","1991","1992","1993","1994","1995","1996","1997","1998","1999","2000","2001","2002","2003","2004","2005","2006","2007","2008","2009","2010","2011","2012","2013","2014","2015","2016","2017","2018",
"Aruba","ABW","People using safely managed sanitation services (% of population)","SH.STA.SMSS.ZS","","","","","","","","","","","","","","","","","","","","","","","","","","","","","","","","","","","","","","","","","","","","","","","","","","","","","","","","","","","",
"Afghanistan","AFG","People using safely managed sanitation services (% of population)","SH.STA.SMSS.ZS","","","","","","","","","","","","","","","","","","","","","","","","","","","","","","","","","","","","","","","","","","","","","","","","","","","","","","","","","","","",
"Angola","AGO","People using safely managed sanitation services (% of population)","SH.STA.SMSS.ZS","","","","","","","","","","","","","","","","","","","","","","","","","","","","","","","","","","","","","","","","","","","","","","","","","","","","","","","","","","","",
"Albania","ALB","People using safely managed sanitation services (% of population)","SH.STA.SMSS.ZS","","","","","","","","","","","","","","","","","","","","","","","","","","","","","","","","","","","","","","","","","54.6669952876427","55.4882201178523","56.3466628791016","57.1835979497056","57.9988353418285","58.7917540946421","59.5624841486333","60.310811353677","61.0365633550626","61.7392797636825","62.4194172099238","63.0766858310648","63.7112471328999","64.3055817822372","64.8022963734107","64.8175732423316","","","",
"Andorra","AND","People using safely managed sanitation services (% of population)","SH.STA.SMSS.ZS","","","","","","","","","","","","","","","","","","","","","","","","","","","","","","","","","","","","","","","","","6.46285714285841","15.3147252747258","24.1665934065932","33.0184615384642","41.8703296703316","50.7221978021989","59.5740659340663","68.4259340659337","77.2778021978047","86.1296703296721","94.9815384615395","100","100","100","100","100","","","",
"Arab World","ARB","People using safely managed sanitation services (% of population)","SH.STA.SMSS.ZS","","","","","","","","","","","","","","","","","","","","","","","","","","","","","","","","","","","","","","","","","42.188744796344","42.5225663632179","42.9845735437782","43.5598514287972","44.1704335989873","44.8787612693788","45.629301005133","46.4103507208569","47.1958563833179","47.954340938376","48.6659904170391","49.3162618118219","49.9274088174765","50.2864168846713","50.5064381491492","50.7002606553174","","","",
"United Arab Emirates","ARE","People using safely managed sanitation services (% of population)","SH.STA.SMSS.ZS","","","","","","","","","","","","","","","","","","","","","","","","","","","","","","","","","","","","","","","","","92.607652523934","92.6678710455815","92.727083676259","92.785290408568","92.8426349560763","92.8988298702899","92.954306307697","93.0076270450764","93.0590795124079","93.1088074201768","93.1565233123126","93.2025146228543","93.2469250651971","93.2896109071203","93.3305721394812","93.3700962014631","","","",
"Argentina","ARG","People using safely managed sanitation services (% of population)","SH.STA.SMSS.ZS","","","","","","","","","","","","","","","","","","","","","","","","","","","","","","","","","","","","","","","","","28.7763025499145","28.613687158726","28.4554089591632","28.3018712109175","28.1536454850113","28.011091593934","27.8740051292028","27.7423703109798","27.6159939757945","27.4880097461882","27.3512410841958","27.2199573384368","27.0943062768645","27.0011272797211","26.7425005122548","26.4840014868326","","","",
"Armenia","ARM","People using safely managed sanitation services (% of population)","SH.STA.SMSS.ZS","","","","","","","","","","","","","","","","","","","","","","","","","","","","","","","","","","","","","","","","","","","","","","","","","","","","","","","","","","","",
"American Samoa","ASM","People using safely managed sanitation services (% of population)","SH.STA.SMSS.ZS","","","","","","","","","","","","","","","","","","","","","","","","","","","","","","","","","","","","","","","","","","","","","","","","","","","","","","","","","","","",
"Antigua and Barbuda","ATG","People using safely managed sanitation services (% of population)","SH.STA.SMSS.ZS","","","","","","","","","","","","","","","","","","","","","","","","","","","","","","","","","","","","","","","","","","","","","","","","","","","","","","","","","","","",
"Australia","AUS","People using safely managed sanitation services (% of population)","SH.STA.SMSS.ZS","","","","","","","","","","","","","","","","","","","","","","","","","","","","","","","","","","","","","","","","","65.4521","65.4521","65.4521","65.4521","65.4521","66.2485999999999","67.0451","67.8415999999999","68.6381","69.4346","70.2310999999999","71.0276","71.8240999999999","72.6206","73.4171","74.2135999999999","","","",
"Austria","AUT","People using safely managed sanitation services (% of population)","SH.STA.SMSS.ZS","","","","","","","","","","","","","","","","","","","","","","","","","","","","","","","","","","","","","","","","","96.7821297450604","96.7822040667928","96.7825591235436","96.78208204545","96.7814711146135","96.7808599956306","96.7801785653943","96.7795670857975","96.7789554180543","96.7783435621647","96.777661457737","96.7770492412334","96.7764368365834","96.7768044307567","96.7782213629169","96.7806169455177","","","",
"Azerbaijan","AZE","People using safely managed sanitation services (% of population)","SH.STA.SMSS.ZS","","","","","","","","","","","","","","","","","","","","","","","","","","","","","","","","","","","","","","","","","","","","","","","","","","","","","","","","","","","",
"Burundi","BDI","People using safely managed sanitation services (% of population)","SH.STA.SMSS.ZS","","","","","","","","","","","","","","","","","","","","","","","","","","","","","","","","","","","","","","","","","","","","","","","","","","","","","","","","","","","",
"Belgium","BEL","People using safely managed sanitation services (% of population)","SH.STA.SMSS.ZS","","","","","","","","","","","","","","","","","","","","","","","","","","","","","","","","","","","","","","","","","69.8265172910961","69.8267004868655","69.8268840154326","69.8270678888733","72.0999451978005","74.3728226170934","76.6457001441568","78.918577793302","81.1913592306177","83.4640490642653","85.7367388152847","88.0094284868559","90.282118082159","92.5548076043766","94.8274970800759","97.1001865156195","","","",
"Benin","BEN","People using safely managed sanitation services (% of population)","SH.STA.SMSS.ZS","","","","","","","","","","","","","","","","","","","","","","","","","","","","","","","","","","","","","","","","","","","","","","","","","","","","","","","","","","","",
"Burkina Faso","BFA","People using safely managed sanitation services (% of population)","SH.STA.SMSS.ZS","","","","","","","","","","","","","","","","","","","","","","","","","","","","","","","","","","","","","","","","","","","","","","","","","","","","","","","","","","","",
"Bangladesh","BGD","People using safely managed sanitation services (% of population)","SH.STA.SMSS.ZS","","","","","","","","","","","","","","","","","","","","","","","","","","","","","","","","","","","","","","","","","","","","","","","","","","","","","","","","","","","",
"Bulgaria","BGR","People using safely managed sanitation services (% of population)","SH.STA.SMSS.ZS","","","","","","","","","","","","","","","","","","","","","","","","","","","","","","","","","","","","","","","","","71.8186376498008","72.1103438439925","72.4293793719146","72.7472711446079","73.0646658800937","71.3355038138941","69.3065274341549","67.2300954778358","65.1063821521047","62.935366208447","60.7174594122767","58.4526828765234","56.1412738263596","53.7833602469861","51.3263519413692","48.8550937500462","","","",
"Bahrain","BHR","People using safely managed sanitation services (% of population)","SH.STA.SMSS.ZS","","","","","","","","","","","","","","","","","","","","","","","","","","","","","","","","","","","","","","","","","","","","","","","","","","","","","","","","","","","",
"Bahamas, The","BHS","People using safely managed sanitation services (% of population)","SH.STA.SMSS.ZS","","","","","","","","","","","","","","","","","","","","","","","","","","","","","","","","","","","","","","","","","","","","","","","","","","","","","","","","","","","",
"Bosnia and Herzegovina","BIH","People using safely managed sanitation services (% of population)","SH.STA.SMSS.ZS","","","","","","","","","","","","","","","","","","","","","","","","","","","","","","","","","","","","","","","","","23.2498218648566","23.233439183908","23.2171651191353","23.2007990022834","23.2030608589888","23.2054450849823","23.2079513935373","23.2105794979273","23.2086503209309","23.2022210742161","23.1911416485012","23.1750426757195","23.1537680486879","23.127386813969","23.0955242049404","23.0797933863836","","","",
"Belarus","BLR","People using safely managed sanitation services (% of population)","SH.STA.SMSS.ZS","","","","","","","","","","","","","","","","","","","","","","","","","","","","","","","","","","","","","","","","","81.6945992413978","81.7969970303769","81.898508391194","81.998923452869","81.7280590145903","81.4160058668038","81.0637336933158","80.6721952855043","80.2424675688889","79.7750466751927","79.2713747062249","78.7313182129038","78.1561629082384","77.5468199057904","76.9043560865965","76.2297001802918","","","",
"Belize","BLZ","People using safely managed sanitation services (% of population)","SH.STA.SMSS.ZS","","","","","","","","","","","","","","","","","","","","","","","","","","","","","","","","","","","","","","","","","","","","","","","","","","","","","","","","","","","",
"Bermuda","BMU","People using safely managed sanitation services (% of population)","SH.STA.SMSS.ZS","","","","","","","","","","","","","","","","","","","","","","","","","","","","","","","","","","","","","","","","","","","","","","","","","","","","","","","","","","","",
"Bolivia","BOL","People using safely managed sanitation services (% of population)","SH.STA.SMSS.ZS","","","","","","","","","","","","","","","","","","","","","","","","","","","","","","","","","","","","","","","","","14.7600193873044","15.0498114923665","15.3390375232187","15.627293975648","15.9145912328115","16.2008380549597","16.4862475504688","16.7706270879082","17.0539874492368","17.3364389174368","17.6178913739953","17.8983550646144","18.17793851912","18.4564543709808","18.7340112704426","19.0106188734566","","","",
"Brazil","BRA","People using safely managed sanitation services (% of population)","SH.STA.SMSS.ZS","","","","","","","","","","","","","","","","","","","","","","","","","","","","","","","","","","","","","","","","","26.3530478234918","26.9676085866933","27.6073333856535","28.2759877126288","28.9737490249472","29.7009003325657","30.4578256766765","31.2447911048569","32.0620559541653","32.9096525907488","33.7880439696908","34.6975795714128","35.6377005838976","36.6088321861519","37.6111641413163","38.644872644729","","","",
"Barbados","BRB","People using safely managed sanitation services (% of population)","SH.STA.SMSS.ZS","","","","","","","","","","","","","","","","","","","","","","","","","","","","","","","","","","","","","","","","","","","","","","","","","","","","","","","","","","","",
"Brunei Darussalam","BRN","People using safely managed sanitation services (% of population)","SH.STA.SMSS.ZS","","","","","","","","","","","","","","","","","","","","","","","","","","","","","","","","","","","","","","","","","","","","","","","","","","","","","","","","","","","",
"Bhutan","BTN","People using safely managed sanitation services (% of population)","SH.STA.SMSS.ZS","","","","","","","","","","","","","","","","","","","","","","","","","","","","","","","","","","","","","","","","","","","","","","","","","","","","","","","","","","","",
"Botswana","BWA","People using safely managed sanitation services (% of population)","SH.STA.SMSS.ZS","","","","","","","","","","","","","","","","","","","","","","","","","","","","","","","","","","","","","","","","","","","","","","","","","","","","","","","","","","","",
"Central African Republic","CAF","People using safely managed sanitation services (% of population)","SH.STA.SMSS.ZS","","","","","","","","","","","","","","","","","","","","","","","","","","","","","","","","","","","","","","","","","","","","","","","","","","","","","","","","","","","",
"Canada","CAN","People using safely managed sanitation services (% of population)","SH.STA.SMSS.ZS","","","","","","","","","","","","","","","","","","","","","","","","","","","","","","","","","","","","","","","","","73.0723598924717","73.0723598924717","73.0723598924717","73.5166790280923","73.9530191578017","74.3813802815997","74.8017623994865","75.214165511462","75.6185896175263","76.0150347176792","76.4035008119209","76.7839879002513","76.7839879002513","76.7839879002513","76.7839879002513","76.7839879002513","","","",
"Central Europe and the Baltics","CEB","People using safely managed sanitation services (% of population)","SH.STA.SMSS.ZS","","","","","","","","","","","","","","","","","","","","","","","","","","","","","","","","","","","","","","","","","70.460849710365","70.6771299451247","70.9071833313538","71.1174383307553","71.6162891222753","71.9502765333353","66.7909834082765","67.3057969411376","67.8485331221829","68.3696131067539","68.8859984812125","69.4335099089326","69.9823001865363","70.3684697008202","70.6527609469115","70.9657523656118","","","",
"Switzerland","CHE","People using safely managed sanitation services (% of population)","SH.STA.SMSS.ZS","","","","","","","","","","","","","","","","","","","","","","","","","","","","","","","","","","","","","","","","","97.8522738206137","97.9383416390418","98.0242362929562","98.1103431884848","98.1966623256278","98.2831937043854","98.3699373247579","98.4568931867456","98.5440612903486","98.6314210385502","98.7190108327318","98.8068128685295","98.8948271459435","98.9833713412588","99.015964353983","98.987241674109","","","",
"Channel Islands","CHI","People using safely managed sanitation services (% of population)","SH.STA.SMSS.ZS","","","","","","","","","","","","","","","","","","","","","","","","","","","","","","","","","","","","","","","","","","","","","","","","","","","","","","","","","","","",
"Chile","CHL","People using safely managed sanitation services (% of population)","SH.STA.SMSS.ZS","","","","","","","","","","","","","","","","","","","","","","","","","","","","","","","","","","","","","","","","","27.1390109642954","30.6911766519746","34.2971782496178","37.9562419489499","41.6674493455532","45.4299362425481","49.2427521206327","53.1051157911248","57.0163543564919","60.9755606378385","64.9819426723025","69.0351524048106","73.1343219838793","77.2328492060385","81.429797660316","85.4765627919952","","","",
"China","CHN","People using safely managed sanitation services (% of population)","SH.STA.SMSS.ZS","","","","","","","","","","","","","","","","","","","","","","","","","","","","","","","","","","","","","","","","","29.0648060782144","29.1562905230349","29.5244878281514","31.3900154795246","33.3312993045938","35.3494799172396","37.4427135077295","39.6252957698708","41.8834354308602","44.2166719799814","46.6257423434658","49.1102157743246","51.6628106507179","54.2793806949123","56.9568254751868","59.6917368661306","","","",
"Cote d'Ivoire","CIV","People using safely managed sanitation services (% of population)","SH.STA.SMSS.ZS","","","","","","","","","","","","","","","","","","","","","","","","","","","","","","","","","","","","","","","","","","","","","","","","","","","","","","","","","","","",
"Cameroon","CMR","People using safely managed sanitation services (% of population)","SH.STA.SMSS.ZS","","","","","","","","","","","","","","","","","","","","","","","","","","","","","","","","","","","","","","","","","","","","","","","","","","","","","","","","","","","",
"Congo, Dem. Rep.","COD","People using safely managed sanitation services (% of population)","SH.STA.SMSS.ZS","","","","","","","","","","","","","","","","","","","","","","","","","","","","","","","","","","","","","","","","","","","","","","","","","","","","","","","","","","","",
"Congo, Rep.","COG","People using safely managed sanitation services (% of population)","SH.STA.SMSS.ZS","","","","","","","","","","","","","","","","","","","","","","","","","","","","","","","","","","","","","","","","","","","","","","","","","","","","","","","","","","","",
"Colombia","COL","People using safely managed sanitation services (% of population)","SH.STA.SMSS.ZS","","","","","","","","","","","","","","","","","","","","","","","","","","","","","","","","","","","","","","","","","16.7574959782607","16.9779164454079","17.1938120691258","17.4052275025131","17.6121361139001","17.8147178205651","18.0129537776312","18.2068889417328","18.3965683333288","18.5820370325507","18.763340175338","18.9405229498344","19.1137630328166","19.282988530946","19.4482447679938","19.6097324416054","","","",
"Comoros","COM","People using safely managed sanitation services (% of population)","SH.STA.SMSS.ZS","","","","","","","","","","","","","","","","","","","","","","","","","","","","","","","","","","","","","","","","","","","","","","","","","","","","","","","","","","","",
"Cabo Verde","CPV","People using safely managed sanitation services (% of population)","SH.STA.SMSS.ZS","","","","","","","","","","","","","","","","","","","","","","","","","","","","","","","","","","","","","","","","","","","","","","","","","","","","","","","","","","","",
"Costa Rica","CRI","People using safely managed sanitation services (% of population)","SH.STA.SMSS.ZS","","","","","","","","","","","","","","","","","","","","","","","","","","","","","","","","","","","","","","","","","","","","","","","","","","","","","","","","","","","",
"Caribbean small states","CSS","People using safely managed sanitation services (% of population)","SH.STA.SMSS.ZS","","","","","","","","","","","","","","","","","","","","","","","","","","","","","","","","","","","","","","","","","","","","","","","","","","","","","","","","","","","",
"Cuba","CUB","People using safely managed sanitation services (% of population)","SH.STA.SMSS.ZS","","","","","","","","","","","","","","","","","","","","","","","","","","","","","","","","","","","","","","","","","32.2156867242889","32.2560638050323","32.2951786385","32.3371144969599","32.3824779196101","32.2480536283086","32.1127442955789","31.97654983898","31.8394701761586","31.7015937920265","31.5628416388234","31.4232136353141","31.282709700317","31.1414375248805","30.9985108395574","30.8539460863945","","","",
"Curacao","CUW","People using safely managed sanitation services (% of population)","SH.STA.SMSS.ZS","","","","","","","","","","","","","","","","","","","","","","","","","","","","","","","","","","","","","","","","","","","","","","","","","","","","","","","","","","","",
"Cayman Islands","CYM","People using safely managed sanitation services (% of population)","SH.STA.SMSS.ZS","","","","","","","","","","","","","","","","","","","","","","","","","","","","","","","","","","","","","","","","","","","","","","","","","","","","","","","","","","","",
"Cyprus","CYP","People using safely managed sanitation services (% of population)","SH.STA.SMSS.ZS","","","","","","","","","","","","","","","","","","","","","","","","","","","","","","","","","","","","","","","","","76.46736","76.50608","76.48208","76.43696","76.3747896103896","76.3045561818182","76.2319754464286","76.1592558896104","76.0863975113636","76.0130773376623","75.9396173717533","75.8656936688312","75.7916292029221","75.7229475389611","75.6586972288961","75.5995504318182","","","",
"Czech Republic","CZE","People using safely managed sanitation services (% of population)","SH.STA.SMSS.ZS","","","","","","","","","","","","","","","","","","","","","","","","","","","","","","","","","","","","","","","","","87.3710745296762","87.3577845916096","87.3495743091435","87.3412443132183","86.888876991609","86.4367014622183","85.9847177258737","85.532813141106","85.0812143829464","84.6296975572524","84.1784837806158","83.7273547173637","83.2764202314145","82.8272448910463","82.3796632452041","81.9336169237498","","","",
"Germany","DEU","People using safely managed sanitation services (% of population)","SH.STA.SMSS.ZS","","","","","","","","","","","","","","","","","","","","","","","","","","","","","","","","","","","","","","","","","96.4691024868573","96.4715534868211","96.4748037358973","96.4779474302702","96.3581205121693","96.238808531946","96.1233386641883","96.0111011329708","95.8987565849712","95.7862529526262","95.6736957186976","95.5610326806243","95.4484725088689","95.4589900139888","95.4696117766462","95.4803898688873","","","",
"Djibouti","DJI","People using safely managed sanitation services (% of population)","SH.STA.SMSS.ZS","","","","","","","","","","","","","","","","","","","","","","","","","","","","","","","","","","","","","","","","","","","","","","","","","","","","","","","","","","","",
"Dominica","DMA","People using safely managed sanitation services (% of population)","SH.STA.SMSS.ZS","","","","","","","","","","","","","","","","","","","","","","","","","","","","","","","","","","","","","","","","","","","","","","","","","","","","","","","","","","","",
"Denmark","DNK","People using safely managed sanitation services (% of population)","SH.STA.SMSS.ZS","","","","","","","","","","","","","","","","","","","","","","","","","","","","","","","","","","","","","","","","","93.2051791675675","93.2051789779462","93.2051785987037","93.2051781815368","93.2051774002971","93.2051763004936","93.2051753827265","93.2051746432035","93.2051739074729","93.2051732741378","93.2051727394057","93.2051721250327","93.2051714234339","93.2051707332125","93.2051700581606","93.2051693982785","","","",
"Dominican Republic","DOM","People using safely managed sanitation services (% of population)","SH.STA.SMSS.ZS","","","","","","","","","","","","","","","","","","","","","","","","","","","","","","","","","","","","","","","","","","","","","","","","","","","","","","","","","","","",
"Algeria","DZA","People using safely managed sanitation services (% of population)","SH.STA.SMSS.ZS","","","","","","","","","","","","","","","","","","","","","","","","","","","","","","","","","","","","","","","","","21.1810714851924","21.0641642642264","20.9439681387366","20.8206063638457","20.6941178894806","20.5646482809813","20.4321386607383","20.2967434563009","20.1583947027081","20.0182528331595","19.8762839973811","19.7326277858499","19.5874927977437","19.4409539887304","19.2931508560893","19.1442228829894","","","",
"East Asia & Pacific (excluding high income)","EAP","People using safely managed sanitation services (% of population)","SH.STA.SMSS.ZS","","","","","","","","","","","","","","","","","","","","","","","","","","","","","","","","","","","","","","","","","29.9481812167739","30.056056426121","30.4354703510999","32.2837812574979","34.2054414607333","36.2014659730842","38.2701832729292","40.4255712282511","42.6539821756349","44.9550881234671","47.3296021380405","49.7769843974955","52.2897564057957","54.8635490231832","57.4946961000156","60.1785984738147","","","",
"Early-demographic dividend","EAR","People using safely managed sanitation services (% of population)","SH.STA.SMSS.ZS","","","","","","","","","","","","","","","","","","","","","","","","","","","","","","","","","","","","","","","","","","","","","","","","","","","","","","","","","","","",
"East Asia & Pacific","EAS","People using safely managed sanitation services (% of population)","SH.STA.SMSS.ZS","","","","","","","","","","","","","","","","","","","","","","","","","","","","","","","","","","","","","","","","","32.9","33.22","33.74","35.14","36.58","38.08","39.61","41.2","42.83","44.5","46.21","47.96","49.75","51.56","53.41","55.28","","","",
"Europe & Central Asia (excluding high income)","ECA","People using safely managed sanitation services (% of population)","SH.STA.SMSS.ZS","","","","","","","","","","","","","","","","","","","","","","","","","","","","","","","","","","","","","","","","","","","","","","","","","","","","","","","","","","","",
"Europe & Central Asia","ECS","People using safely managed sanitation services (% of population)","SH.STA.SMSS.ZS","","","","","","","","","","","","","","","","","","","","","","","","","","","","","","","","","","","","","","","","","62.56","62.65","62.75","62.87","63.04","63.23","65.65","65.78","65.92","66.1","66.34","66.58","66.81","67.02","67.22","67.24","","","",
"Ecuador","ECU","People using safely managed sanitation services (% of population)","SH.STA.SMSS.ZS","","","","","","","","","","","","","","","","","","","","","","","","","","","","","","","","","","","","","","","","","42.3181486470243","42.3598487253942","42.394725509153","42.4271444503204","42.4539298220137","42.4751673779425","42.490902366948","42.5009588372562","42.5055465813718","42.5047103670015","42.4983422044698","42.4864444934003","42.4675740580015","42.441591059015","42.4079942527491","42.3664490181601","","","",
"Egypt, Arab Rep.","EGY","People using safely managed sanitation services (% of population)","SH.STA.SMSS.ZS","","","","","","","","","","","","","","","","","","","","","","","","","","","","","","","","","","","","","","","","","52.7446159443766","53.2726110922391","53.8006333441626","54.3286827009661","54.8567591634777","55.3848627325358","55.9129934089884","56.4341355620638","56.950994177133","57.4680111306775","57.9848432903048","58.5018344007061","59.0224380220482","59.5466734221237","60.0745599789683","60.606290741929","","","",
"Euro area","EMU","People using safely managed sanitation services (% of population)","SH.STA.SMSS.ZS","","","","","","","","","","","","","","","","","","","","","","","","","","","","","","","","","","","","","","","","","88.1849215473759","88.3073158389305","88.4581990926209","88.6130196696388","88.8179743455721","89.0668276476635","90.4434460274693","90.6435963639637","90.846631726089","91.050923100874","91.2608822649776","91.4567855474375","91.6763760450468","91.9285948424678","92.1730492957841","92.3570089608119","","","",
"Eritrea","ERI","People using safely managed sanitation services (% of population)","SH.STA.SMSS.ZS","","","","","","","","","","","","","","","","","","","","","","","","","","","","","","","","","","","","","","","","","","","","","","","","","","","","","","","","","","","",
"Spain","ESP","People using safely managed sanitation services (% of population)","SH.STA.SMSS.ZS","","","","","","","","","","","","","","","","","","","","","","","","","","","","","","","","","","","","","","","","","93.5343239750059","93.5356402145025","93.6440505876219","93.7526957751721","93.8608243217814","94.2160159281903","94.5718966547628","94.928471538565","95.2857289162652","95.6436666606755","96.0022827836114","96.3615787252952","96.7215473691883","97.0821871093745","97.4286207620006","97.4506375756632","","","",
"Estonia","EST","People using safely managed sanitation services (% of population)","SH.STA.SMSS.ZS","","","","","","","","","","","","","","","","","","","","","","","","","","","","","","","","","","","","","","","","","87.1991297567837","87.5374665672908","87.8761057519726","88.2148609157944","88.5987583448475","88.983703618307","89.3695141178148","89.7563760567337","90.1442902427535","90.5332574835634","90.923099164217","91.3139975241058","91.7057759657624","92.1014371755622","92.5007580604927","92.9036937554419","","","",
"Ethiopia","ETH","People using safely managed sanitation services (% of population)","SH.STA.SMSS.ZS","","","","","","","","","","","","","","","","","","","","","","","","","","","","","","","","","","","","","","","","","","","","","","","","","","","","","","","","","","","",
"European Union","EUU","People using safely managed sanitation services (% of population)","SH.STA.SMSS.ZS","","","","","","","","","","","","","","","","","","","","","","","","","","","","","","","","","","","","","","","","","86.4512495738443","86.5938429331774","86.7607209649607","86.9218344710152","87.1741857780022","87.4181528112201","86.7805632074928","87.0553222249312","87.3354040560607","87.5997116150041","87.8690083034388","88.1237846138939","88.3997522975124","88.666996122011","88.9102166000801","89.1191377220495","","","",
"Fragile and conflict affected situations","FCS","People using safely managed sanitation services (% of population)","SH.STA.SMSS.ZS","","","","","","","","","","","","","","","","","","","","","","","","","","","","","","","","","","","","","","","","","","","","","","","","","","","","","","","","","","","",
"Finland","FIN","People using safely managed sanitation services (% of population)","SH.STA.SMSS.ZS","","","","","","","","","","","","","","","","","","","","","","","","","","","","","","","","","","","","","","","","","88.8051796738912","89.175993919752","89.5213498684049","89.863914744478","90.2032765536791","90.5394663088007","90.8725150226103","91.2024537078511","91.2523572678873","91.3018799171627","91.3510216549459","91.4005444486208","91.4504482989189","91.5011141911138","91.5521611418741","91.6035891519248","","","",
"Fiji","FJI","People using safely managed sanitation services (% of population)","SH.STA.SMSS.ZS","","","","","","","","","","","","","","","","","","","","","","","","","","","","","","","","","","","","","","","","","","","","","","","","","","","","","","","","","","","",
"France","FRA","People using safely managed sanitation services (% of population)","SH.STA.SMSS.ZS","","","","","","","","","","","","","","","","","","","","","","","","","","","","","","","","","","","","","","","","","87.5078980434328","87.8139035370926","88.1199123174927","88.4259190536703","88.7319237737993","89.0379346856263","89.3439409581838","89.6499508273923","89.9559588683767","90.2619651093108","90.5679751253294","90.8739806523381","91.1799900671261","91.485997850906","91.7920040318513","92.0980142790094","","","",
"Faroe Islands","FRO","People using safely managed sanitation services (% of population)","SH.STA.SMSS.ZS","","","","","","","","","","","","","","","","","","","","","","","","","","","","","","","","","","","","","","","","","","","","","","","","","","","","","","","","","","","",
"Micronesia, Fed. Sts.","FSM","People using safely managed sanitation services (% of population)","SH.STA.SMSS.ZS","","","","","","","","","","","","","","","","","","","","","","","","","","","","","","","","","","","","","","","","","","","","","","","","","","","","","","","","","","","",
"Gabon","GAB","People using safely managed sanitation services (% of population)","SH.STA.SMSS.ZS","","","","","","","","","","","","","","","","","","","","","","","","","","","","","","","","","","","","","","","","","","","","","","","","","","","","","","","","","","","",
"United Kingdom","GBR","People using safely managed sanitation services (% of population)","SH.STA.SMSS.ZS","","","","","","","","","","","","","","","","","","","","","","","","","","","","","","","","","","","","","","","","","97.3570951386797","97.3644325758903","97.386150930365","97.4075751202506","97.4288519072363","97.4498345752866","97.4706698765844","97.4912111036586","97.5116049993741","97.5317048646355","97.5515840792095","97.5712426622277","97.5906072828131","97.6095312702758","97.6280880068363","97.646204178408","","","",
"Georgia","GEO","People using safely managed sanitation services (% of population)","SH.STA.SMSS.ZS","","","","","","","","","","","","","","","","","","","","","","","","","","","","","","","","","","","","","","","","","","","","","","","","","","","","","","","","","","","",
"Ghana","GHA","People using safely managed sanitation services (% of population)","SH.STA.SMSS.ZS","","","","","","","","","","","","","","","","","","","","","","","","","","","","","","","","","","","","","","","","","","","","","","","","","","","","","","","","","","","",
"Gibraltar","GIB","People using safely managed sanitation services (% of population)","SH.STA.SMSS.ZS","","","","","","","","","","","","","","","","","","","","","","","","","","","","","","","","","","","","","","","","","","","","","","","","","","","","","","","","","","","",
"Guinea","GIN","People using safely managed sanitation services (% of population)","SH.STA.SMSS.ZS","","","","","","","","","","","","","","","","","","","","","","","","","","","","","","","","","","","","","","","","","","","","","","","","","","","","","","","","","","","",
"Gambia, The","GMB","People using safely managed sanitation services (% of population)","SH.STA.SMSS.ZS","","","","","","","","","","","","","","","","","","","","","","","","","","","","","","","","","","","","","","","","","","","","","","","","","","","","","","","","","","","",
"Guinea-Bissau","GNB","People using safely managed sanitation services (% of population)","SH.STA.SMSS.ZS","","","","","","","","","","","","","","","","","","","","","","","","","","","","","","","","","","","","","","","","","","","","","","","","","","","","","","","","","","","",
"Equatorial Guinea","GNQ","People using safely managed sanitation services (% of population)","SH.STA.SMSS.ZS","","","","","","","","","","","","","","","","","","","","","","","","","","","","","","","","","","","","","","","","","","","","","","","","","","","","","","","","","","","",
"Greece","GRC","People using safely managed sanitation services (% of population)","SH.STA.SMSS.ZS","","","","","","","","","","","","","","","","","","","","","","","","","","","","","","","","","","","","","","","","","72.6869978959054","72.8212601436394","73.0092987424614","73.1950507646784","73.3790915739647","73.5605984362755","73.7398694710754","73.9171968558734","74.0925940391841","74.2655318659754","74.4327016779271","74.5728941588884","74.7101567991621","74.8439947608578","74.9744527455358","75.2471426708128","","","",
"Grenada","GRD","People using safely managed sanitation services (% of population)","SH.STA.SMSS.ZS","","","","","","","","","","","","","","","","","","","","","","","","","","","","","","","","","","","","","","","","","","","","","","","","","","","","","","","","","","","",
"Greenland","GRL","People using safely managed sanitation services (% of population)","SH.STA.SMSS.ZS","","","","","","","","","","","","","","","","","","","","","","","","","","","","","","","","","","","","","","","","","93.205192441058","93.205191496744","93.2051905638072","93.2051896422477","93.2051887244807","93.2051876701863","93.1969306029709","93.1837885161236","93.1705635343318","93.1572577070695","93.1438724471973","93.1303475346881","93.116654547119","93.1028525153575","93.088957006408","93.07497662807","","","",
"Guatemala","GTM","People using safely managed sanitation services (% of population)","SH.STA.SMSS.ZS","","","","","","","","","","","","","","","","","","","","","","","","","","","","","","","","","","","","","","","","","","","","","","","","","","","","","","","","","","","",
"Guam","GUM","People using safely managed sanitation services (% of population)","SH.STA.SMSS.ZS","","","","","","","","","","","","","","","","","","","","","","","","","","","","","","","","","","","","","","","","","","","","","","","","","","","","","","","","","","","",
"Guyana","GUY","People using safely managed sanitation services (% of population)","SH.STA.SMSS.ZS","","","","","","","","","","","","","","","","","","","","","","","","","","","","","","","","","","","","","","","","","","","","","","","","","","","","","","","","","","","",
"High income","HIC","People using safely managed sanitation services (% of population)","SH.STA.SMSS.ZS","","","","","","","","","","","","","","","","","","","","","","","","","","","","","","","","","","","","","","","","","72.61","72.88","73.17","73.6","74.1","74.63","76.4","76.93","77.44","77.94","78.44","78.94","79.43","79.8","80.16","80.51","","","",
"Hong Kong SAR, China","HKG","People using safely managed sanitation services (% of population)","SH.STA.SMSS.ZS","","","","","","","","","","","","","","","","","","","","","","","","","","","","","","","","","","","","","","","","","16.7241152828283","16.7241152828283","16.7241152828283","16.7241152828283","16.6790280555556","16.6340680646465","16.589235310101","16.5445297919192","16.499951510101","16.4555004646465","16.4111766555556","16.3669800828283","16.3229107464646","16.2789686464647","16.2351537828283","16.1914661555555","","","",
"Honduras","HND","People using safely managed sanitation services (% of population)","SH.STA.SMSS.ZS","","","","","","","","","","","","","","","","","","","","","","","","","","","","","","","","","","","","","","","","","","","","","","","","","","","","","","","","","","","",
"Heavily indebted poor countries (HIPC)","HPC","People using safely managed sanitation services (% of population)","SH.STA.SMSS.ZS","","","","","","","","","","","","","","","","","","","","","","","","","","","","","","","","","","","","","","","","","","","","","","","","","","","","","","","","","","","",
"Croatia","HRV","People using safely managed sanitation services (% of population)","SH.STA.SMSS.ZS","","","","","","","","","","","","","","","","","","","","","","","","","","","","","","","","","","","","","","","","","59.6349791139731","59.6499105139683","59.6752698380298","59.7020406832033","59.7302236984321","59.7597112757087","59.7906123162411","59.8228191962928","59.8563325505062","59.8912613600635","59.9273896190227","59.9649346824707","60.0036804880941","60.0436276567157","60.0848852483931","60.1273455051223","","","",
"Haiti","HTI","People using safely managed sanitation services (% of population)","SH.STA.SMSS.ZS","","","","","","","","","","","","","","","","","","","","","","","","","","","","","","","","","","","","","","","","","","","","","","","","","","","","","","","","","","","",
"Hungary","HUN","People using safely managed sanitation services (% of population)","SH.STA.SMSS.ZS","","","","","","","","","","","","","","","","","","","","","","","","","","","","","","","","","","","","","","","","","52.2709133869117","52.2735568108818","52.2849925417806","52.2963439068935","54.6617659230711","57.0495005656346","59.4630347194","61.8993070971942","64.3581830297992","66.8389606201524","69.3417890403965","71.8662502329968","74.4118350897546","75.4171362688761","75.529317919618","75.6393196695429","","","",
"IBRD only","IBD","People using safely managed sanitation services (% of population)","SH.STA.SMSS.ZS","","","","","","","","","","","","","","","","","","","","","","","","","","","","","","","","","","","","","","","","","","","","","","","","","","","","","","","","","","","",
"IDA & IBRD total","IBT","People using safely managed sanitation services (% of population)","SH.STA.SMSS.ZS","","","","","","","","","","","","","","","","","","","","","","","","","","","","","","","","","","","","","","","","","","","","","","","","","","","","","","","","","","","",
"IDA total","IDA","People using safely managed sanitation services (% of population)","SH.STA.SMSS.ZS","","","","","","","","","","","","","","","","","","","","","","","","","","","","","","","","","","","","","","","","","","","","","","","","","","","","","","","","","","","",
"IDA blend","IDB","People using safely managed sanitation services (% of population)","SH.STA.SMSS.ZS","","","","","","","","","","","","","","","","","","","","","","","","","","","","","","","","","","","","","","","","","","","","","","","","","","","","","","","","","","","",
"Indonesia","IDN","People using safely managed sanitation services (% of population)","SH.STA.SMSS.ZS","","","","","","","","","","","","","","","","","","","","","","","","","","","","","","","","","","","","","","","","","","","","","","","","","","","","","","","","","","","",
"IDA only","IDX","People using safely managed sanitation services (% of population)","SH.STA.SMSS.ZS","","","","","","","","","","","","","","","","","","","","","","","","","","","","","","","","","","","","","","","","","","","","","","","","","","","","","","","","","","","",
"Isle of Man","IMN","People using safely managed sanitation services (% of population)","SH.STA.SMSS.ZS","","","","","","","","","","","","","","","","","","","","","","","","","","","","","","","","","","","","","","","","","","","","","","","","","","","","","","","","","","","",
"India","IND","People using safely managed sanitation services (% of population)","SH.STA.SMSS.ZS","","","","","","","","","","","","","","","","","","","","","","","","","","","","","","","","","","","","","","","","","","","","","","","","","","","","","","","","","","","",
"Not classified","INX","People using safely managed sanitation services (% of population)","SH.STA.SMSS.ZS","","","","","","","","","","","","","","","","","","","","","","","","","","","","","","","","","","","","","","","","","","","","","","","","","","","","","","","","","","","",
"Ireland","IRL","People using safely managed sanitation services (% of population)","SH.STA.SMSS.ZS","","","","","","","","","","","","","","","","","","","","","","","","","","","","","","","","","","","","","","","","","35.8344260455306","38.0206431107036","40.311054069671","42.6386104609094","44.9830179861183","47.3984120230604","49.8327113119975","52.2828403067385","54.7491819449762","57.2308176322469","59.7282112172258","62.2411748798795","64.7712045629751","67.3192106722725","69.746765864764","70.267085721812","","","",
"Iran, Islamic Rep.","IRN","People using safely managed sanitation services (% of population)","SH.STA.SMSS.ZS","","","","","","","","","","","","","","","","","","","","","","","","","","","","","","","","","","","","","","","","","","","","","","","","","","","","","","","","","","","",
"Iraq","IRQ","People using safely managed sanitation services (% of population)","SH.STA.SMSS.ZS","","","","","","","","","","","","","","","","","","","","","","","","","","","","","","","","","","","","","","","","","20.8400118845269","21.3064813670242","21.7718176102375","22.2360177149796","22.6990789155232","23.7215132223091","24.7440124961625","25.7668000575195","26.7897532667595","27.8127518352303","28.836016926594","29.8605533727719","30.8866754686822","31.914022542891","31.9250563083436","31.9373154768063","","","",
"Iceland","ISL","People using safely managed sanitation services (% of population)","SH.STA.SMSS.ZS","","","","","","","","","","","","","","","","","","","","","","","","","","","","","","","","","","","","","","","","","68.5551034928794","68.5817277376639","68.6081576665545","68.6337177357242","68.6582244393244","68.6823382133242","68.7062551345905","68.7295831616986","68.7525183767454","68.7752568356781","68.797406533412","68.8189675247806","68.8397438628571","68.8597356162239","68.8793348298645","68.8979535834164","","","",
"Israel","ISR","People using safely managed sanitation services (% of population)","SH.STA.SMSS.ZS","","","","","","","","","","","","","","","","","","","","","","","","","","","","","","","","","","","","","","","","","78.8530967078763","79.8145574348606","80.7760600186305","81.7376175604489","82.6992300603156","83.6608822360928","84.6225884975686","85.5843326902546","86.5461300962894","87.5079807156727","88.4698845484043","89.4318594936727","90.3939068600024","91.3560091843808","92.3181856745206","93.2804179950587","","","",
"Italy","ITA","People using safely managed sanitation services (% of population)","SH.STA.SMSS.ZS","","","","","","","","","","","","","","","","","","","","","","","","","","","","","","","","","","","","","","","","","","","","","","","95.7313664995891","95.6927426496935","95.6541135074712","95.6154538022277","95.5768140977771","95.5381438751557","95.4994432016392","95.4609891354341","95.4227558452165","95.4263535205073","","","",
"Jamaica","JAM","People using safely managed sanitation services (% of population)","SH.STA.SMSS.ZS","","","","","","","","","","","","","","","","","","","","","","","","","","","","","","","","","","","","","","","","","","","","","","","","","","","","","","","","","","","",
"Jordan","JOR","People using safely managed sanitation services (% of population)","SH.STA.SMSS.ZS","","","","","","","","","","","","","","","","","","","","","","","","","","","","","","","","","","","","","","","","","76.6711527361436","76.7686047285754","76.8869759759854","76.9721352290287","77.0059862281836","77.0365954583551","77.0657891904146","77.0935749625008","77.1202812044765","77.1452728320699","77.1688791105969","77.1914259585357","77.2119657629954","77.2305110770617","77.247074452577","77.2619834775013","","","",
"Japan","JPN","People using safely managed sanitation services (% of population)","SH.STA.SMSS.ZS","","","","","","","","","","","","","","","","","","","","","","","","","","","","","","","","","","","","","","","","","98.2143212070907","98.3960081783638","98.5711866529031","98.7275819270305","98.8712631247568","99.0083586043528","99.1388735993159","99.2628133431431","99.3801830693318","99.4909880113791","99.5952334027822","99.6929244770382","99.7840664676445","99.8293500077801","99.8230445590092","99.7982935137629","","","",
"Kazakhstan","KAZ","People using safely managed sanitation services (% of population)","SH.STA.SMSS.ZS","","","","","","","","","","","","","","","","","","","","","","","","","","","","","","","","","","","","","","","","","","","","","","","","","","","","","","","","","","","",
"Kenya","KEN","People using safely managed sanitation services (% of population)","SH.STA.SMSS.ZS","","","","","","","","","","","","","","","","","","","","","","","","","","","","","","","","","","","","","","","","","","","","","","","","","","","","","","","","","","","",
"Kyrgyz Republic","KGZ","People using safely managed sanitation services (% of population)","SH.STA.SMSS.ZS","","","","","","","","","","","","","","","","","","","","","","","","","","","","","","","","","","","","","","","","","","","","","","","","","","","","","","","","","","","",
"Cambodia","KHM","People using safely managed sanitation services (% of population)","SH.STA.SMSS.ZS","","","","","","","","","","","","","","","","","","","","","","","","","","","","","","","","","","","","","","","","","","","","","","","","","","","","","","","","","","","",
"Kiribati","KIR","People using safely managed sanitation services (% of population)","SH.STA.SMSS.ZS","","","","","","","","","","","","","","","","","","","","","","","","","","","","","","","","","","","","","","","","","","","","","","","","","","","","","","","","","","","",
"St. Kitts and Nevis","KNA","People using safely managed sanitation services (% of population)","SH.STA.SMSS.ZS","","","","","","","","","","","","","","","","","","","","","","","","","","","","","","","","","","","","","","","","","","","","","","","","","","","","","","","","","","","",
"Korea, Rep.","KOR","People using safely managed sanitation services (% of population)","SH.STA.SMSS.ZS","","","","","","","","","","","","","","","","","","","","","","","","","","","","","","","","","","","","","","","","","85.6431515768112","86.494554039633","87.3509703667049","88.2124005580267","89.0788446135985","89.9503025334206","90.8267743174923","91.7082599658141","92.5947594783859","93.4862728552077","94.3828000962795","95.2843412016015","96.1898479582085","96.985837530376","97.7242482396078","98.4626589488396","","","",
"Kuwait","KWT","People using safely managed sanitation services (% of population)","SH.STA.SMSS.ZS","","","","","","","","","","","","","","","","","","","","","","","","","","","","","","","","","","","","","","","","","100","100","100","100","100","100","100","100","100","100","100","100","100","100","100","100","","","",
"Latin America & Caribbean (excluding high income)","LAC","People using safely managed sanitation services (% of population)","SH.STA.SMSS.ZS","","","","","","","","","","","","","","","","","","","","","","","","","","","","","","","","","","","","","","","","","22.7715917456334","23.5113051727929","24.2706239420988","25.0510084809256","25.8522956052127","26.670425326275","27.5112050477005","28.3754724512251","29.2638579754102","30.1763415545375","31.1127922539483","32.0730235956742","33.0566668892486","34.0634989542397","35.0851996858448","36.1304196178852","","","",
"Lao PDR","LAO","People using safely managed sanitation services (% of population)","SH.STA.SMSS.ZS","","","","","","","","","","","","","","","","","","","","","","","","","","","","","","","","","","","","","","","","","","","","","","","","","","","","","","","","","","","",
"Lebanon","LBN","People using safely managed sanitation services (% of population)","SH.STA.SMSS.ZS","","","","","","","","","","","","","","","","","","","","","","","","","","","","","","","","","","","","","","","","","16.2393373692308","16.2393373692308","16.2393373692308","16.5339943607692","16.8286513523078","17.1233083438463","17.4179653353847","17.7126223269231","18.0072793184617","18.3019363100001","18.5965933015385","18.8912502930769","19.1859072846155","19.4805642761541","19.7752212676923","20.0698782592309","","","",
"Liberia","LBR","People using safely managed sanitation services (% of population)","SH.STA.SMSS.ZS","","","","","","","","","","","","","","","","","","","","","","","","","","","","","","","","","","","","","","","","","","","","","","","","","","","","","","","","","","","",
"Libya","LBY","People using safely managed sanitation services (% of population)","SH.STA.SMSS.ZS","","","","","","","","","","","","","","","","","","","","","","","","","","","","","","","","","","","","","","","","","28.5665024025276","28.5665024025276","28.5665024025276","28.5665024025276","28.5665024025276","28.5665024025276","28.335106523027","28.1037106435264","27.8723147640257","27.6409188845251","27.4095230050245","27.1781271255239","26.9467312460232","26.7153353665226","26.483939487022","26.2525436075214","","","",
"St. Lucia","LCA","People using safely managed sanitation services (% of population)","SH.STA.SMSS.ZS","","","","","","","","","","","","","","","","","","","","","","","","","","","","","","","","","","","","","","","","","","","","","","","","","","","","","","","","","","","",
"Latin America & Caribbean","LCN","People using safely managed sanitation services (% of population)","SH.STA.SMSS.ZS","","","","","","","","","","","","","","","","","","","","","","","","","","","","","","","","","","","","","","","","","9.73","10.38","11.04","11.73","12.49","13.28","14.1","14.93","15.79","16.67","17.57","18.49","19.44","20.4","21.38","22.4","","","",
"Least developed countries: UN classification","LDC","People using safely managed sanitation services (% of population)","SH.STA.SMSS.ZS","","","","","","","","","","","","","","","","","","","","","","","","","","","","","","","","","","","","","","","","","","","","","","","","","","","","","","","","","","","",
"Low income","LIC","People using safely managed sanitation services (% of population)","SH.STA.SMSS.ZS","","","","","","","","","","","","","","","","","","","","","","","","","","","","","","","","","","","","","","","","","","","","","","","","","","","","","","","","","","","",
"Liechtenstein","LIE","People using safely managed sanitation services (% of population)","SH.STA.SMSS.ZS","","","","","","","","","","","","","","","","","","","","","","","","","","","","","","","","","","","","","","","","","99.325","99.325","99.325","99.325","99.325","99.325","99.325","99.325","99.325","99.325","99.325","99.325","99.325","99.325","99.325","99.325","","","",
"Sri Lanka","LKA","People using safely managed sanitation services (% of population)","SH.STA.SMSS.ZS","","","","","","","","","","","","","","","","","","","","","","","","","","","","","","","","","","","","","","","","","","","","","","","","","","","","","","","","","","","",
"Lower middle income","LMC","People using safely managed sanitation services (% of population)","SH.STA.SMSS.ZS","","","","","","","","","","","","","","","","","","","","","","","","","","","","","","","","","","","","","","","","","","","","","","","","","","","","","","","","","","","",
"Low & middle income","LMY","People using safely managed sanitation services (% of population)","SH.STA.SMSS.ZS","","","","","","","","","","","","","","","","","","","","","","","","","","","","","","","","","","","","","","","","","","","","","","","","","","","","","","","","","","","",
"Lesotho","LSO","People using safely managed sanitation services (% of population)","SH.STA.SMSS.ZS","","","","","","","","","","","","","","","","","","","","","","","","","","","","","","","","","","","","","","","","","","","","","","","","","","","","","","","","","","","",
"Late-demographic dividend","LTE","People using safely managed sanitation services (% of population)","SH.STA.SMSS.ZS","","","","","","","","","","","","","","","","","","","","","","","","","","","","","","","","","","","","","","","","","30.9757933981607","31.1853483994701","31.6344114912621","33.2226500727593","34.8794309103227","36.6029088728823","38.4725954652424","40.3264837509062","42.2420547847044","44.2131954325774","46.2339015097783","48.3082813447511","50.4291465823022","52.5909792780918","54.7977001517441","57.0397919852031","","","",
"Lithuania","LTU","People using safely managed sanitation services (% of population)","SH.STA.SMSS.ZS","","","","","","","","","","","","","","","","","","","","","","","","","","","","","","","","","","","","","","","","","54.196147573802","54.6814683857242","55.1635486371539","55.6469270874455","56.1316037884185","56.6298432095545","57.1402191293677","57.6495734587299","58.1579063222041","58.6556186908419","59.1441296605033","59.6338534167289","60.1022571850226","60.5536061711374","60.8769161170967","61.202048471901","","","",
"Luxembourg","LUX","People using safely managed sanitation services (% of population)","SH.STA.SMSS.ZS","","","","","","","","","","","","","","","","","","","","","","","","","","","","","","","","","","","","","","","","","93.253625083282","93.3000128582207","93.3336574918072","93.3664250671212","93.3980859316329","93.4286380936419","93.4584559164452","93.4874643798379","93.5158126005689","93.5432013331605","93.5699291570533","93.5959210089861","93.6205783500793","93.6437509644058","93.6656625086806","93.686387142709","","","",
"Latvia","LVA","People using safely managed sanitation services (% of population)","SH.STA.SMSS.ZS","","","","","","","","","","","","","","","","","","","","","","","","","","","","","","","","","","","","","","","","","71.6681064773297","71.6434226183868","71.8533498851347","72.0740834683432","72.325548853149","72.5764906435817","73.1614787063922","73.7398174338398","74.3185225074985","74.8966121252244","75.4744898171112","76.0525492168737","76.6307902706207","77.2092129251089","77.7910372993428","78.3760120657515","","","",
"Macao SAR, China","MAC","People using safely managed sanitation services (% of population)","SH.STA.SMSS.ZS","","","","","","","","","","","","","","","","","","","","","","","","","","","","","","","","","","","","","","","","","","","","","","","","","","","","","","","","","","","",
"St. Martin (French part)","MAF","People using safely managed sanitation services (% of population)","SH.STA.SMSS.ZS","","","","","","","","","","","","","","","","","","","","","","","","","","","","","","","","","","","","","","","","","","","","","","","","","","","","","","","","","","","",
"Morocco","MAR","People using safely managed sanitation services (% of population)","SH.STA.SMSS.ZS","","","","","","","","","","","","","","","","","","","","","","","","","","","","","","","","","","","","","","","","","31.2258674703599","31.760531932967","32.2948214063516","32.828455557164","33.3609454636554","33.8285327707892","34.2912299419169","34.7455160102036","35.1914150377371","35.6288842344856","36.0580308423695","36.4788283504659","36.8913678549234","37.2956046344255","37.6915851908794","38.0794249995254","","","",
"Monaco","MCO","People using safely managed sanitation services (% of population)","SH.STA.SMSS.ZS","","","","","","","","","","","","","","","","","","","","","","","","","","","","","","","","","","","","","","","","","100","100","100","100","100","100","100","100","100","100","100","100","100","100","100","100","","","",
"Moldova","MDA","People using safely managed sanitation services (% of population)","SH.STA.SMSS.ZS","","","","","","","","","","","","","","","","","","","","","","","","","","","","","","","","","","","","","","","","","","","","","","","","","","","","","","","","","","","",
"Madagascar","MDG","People using safely managed sanitation services (% of population)","SH.STA.SMSS.ZS","","","","","","","","","","","","","","","","","","","","","","","","","","","","","","","","","","","","","","","","","","","","","","","","","","","","","","","","","","","",
"Maldives","MDV","People using safely managed sanitation services (% of population)","SH.STA.SMSS.ZS","","","","","","","","","","","","","","","","","","","","","","","","","","","","","","","","","","","","","","","","","","","","","","","","","","","","","","","","","","","",
"Middle East & North Africa","MEA","People using safely managed sanitation services (% of population)","SH.STA.SMSS.ZS","","","","","","","","","","","","","","","","","","","","","","","","","","","","","","","","","","","","","","","","","","","","","","","","","26.91","27.91","28.83","29.69","30.48","30.92","31.37","31.82","","","",
"Mexico","MEX","People using safely managed sanitation services (% of population)","SH.STA.SMSS.ZS","","","","","","","","","","","","","","","","","","","","","","","","","","","","","","","","","","","","","","","","","19.4371059933188","20.9127570327472","22.423163211729","23.9681866351584","25.5477059313244","27.1615620344771","28.8096561547257","30.4918429429221","32.2080251648177","33.9580166623335","35.7417593295078","37.5590114915027","39.4096762684886","41.2935730511657","43.2106178248333","45.1606282268995","","","",
"Marshall Islands","MHL","People using safely managed sanitation services (% of population)","SH.STA.SMSS.ZS","","","","","","","","","","","","","","","","","","","","","","","","","","","","","","","","","","","","","","","","","","","","","","","","","","","","","","","","","","","",
"Middle income","MIC","People using safely managed sanitation services (% of population)","SH.STA.SMSS.ZS","","","","","","","","","","","","","","","","","","","","","","","","","","","","","","","","","","","","","","","","","","","","","","","","","","","","","","","","","","","",
"Macedonia, FYR","MKD","People using safely managed sanitation services (% of population)","SH.STA.SMSS.ZS","","","","","","","","","","","","","","","","","","","","","","","","","","","","","","","","","","","","","","","","","","","","","","","","","","","","","","","","","","","",
"Mali","MLI","People using safely managed sanitation services (% of population)","SH.STA.SMSS.ZS","","","","","","","","","","","","","","","","","","","","","","","","","","","","","","","","","","","","","","","","","","","","","","","","","","","","","","","","","","","",
"Malta","MLT","People using safely managed sanitation services (% of population)","SH.STA.SMSS.ZS","","","","","","","","","","","","","","","","","","","","","","","","","","","","","","","","","","","","","","","","","93.0666666666667","93.0666666666667","93.0656091983405","93.0629865562398","93.0603501134907","93.0577006407386","93.0550387733813","93.0523659462523","93.0496834361727","93.0469920077621","93.0442926733717","93.0415861808825","93.0388731656921","93.0361544714264","93.0334309417113","93.0307026662657","","","",
"Myanmar","MMR","People using safely managed sanitation services (% of population)","SH.STA.SMSS.ZS","","","","","","","","","","","","","","","","","","","","","","","","","","","","","","","","","","","","","","","","","","","","","","","","","","","","","","","","","","","",
"Middle East & North Africa (excluding high income)","MNA","People using safely managed sanitation services (% of population)","SH.STA.SMSS.ZS","","","","","","","","","","","","","","","","","","","","","","","","","","","","","","","","","","","","","","","","","","","","","","","","","","","","","","","","","","","",
"Montenegro","MNE","People using safely managed sanitation services (% of population)","SH.STA.SMSS.ZS","","","","","","","","","","","","","","","","","","","","","","","","","","","","","","","","","","","","","","","","","","","","","","","","","","","","","","","","","","","",
"Mongolia","MNG","People using safely managed sanitation services (% of population)","SH.STA.SMSS.ZS","","","","","","","","","","","","","","","","","","","","","","","","","","","","","","","","","","","","","","","","","","","","","","","","","","","","","","","","","","","",
"Northern Mariana Islands","MNP","People using safely managed sanitation services (% of population)","SH.STA.SMSS.ZS","","","","","","","","","","","","","","","","","","","","","","","","","","","","","","","","","","","","","","","","","","","","","","","","","","","","","","","","","","","",
"Mozambique","MOZ","People using safely managed sanitation services (% of population)","SH.STA.SMSS.ZS","","","","","","","","","","","","","","","","","","","","","","","","","","","","","","","","","","","","","","","","","","","","","","","","","","","","","","","","","","","",
"Mauritania","MRT","People using safely managed sanitation services (% of population)","SH.STA.SMSS.ZS","","","","","","","","","","","","","","","","","","","","","","","","","","","","","","","","","","","","","","","","","","","","","","","","","","","","","","","","","","","",
"Mauritius","MUS","People using safely managed sanitation services (% of population)","SH.STA.SMSS.ZS","","","","","","","","","","","","","","","","","","","","","","","","","","","","","","","","","","","","","","","","","","","","","","","","","","","","","","","","","","","",
"Malawi","MWI","People using safely managed sanitation services (% of population)","SH.STA.SMSS.ZS","","","","","","","","","","","","","","","","","","","","","","","","","","","","","","","","","","","","","","","","","","","","","","","","","","","","","","","","","","","",
"Malaysia","MYS","People using safely managed sanitation services (% of population)","SH.STA.SMSS.ZS","","","","","","","","","","","","","","","","","","","","","","","","","","","","","","","","","","","","","","","","","78.0551448912399","78.3528455737056","78.6462008178694","78.9354564661961","79.2206445307997","79.5009630433911","79.7770791048487","80.0488215674474","80.316228845618","80.5787266731104","80.8367693875189","81.0901965116571","81.335434399074","81.5723855288556","81.7876922367524","81.9262872711203","","","",
"North America","NAC","People using safely managed sanitation services (% of population)","SH.STA.SMSS.ZS","","","","","","","","","","","","","","","","","","","","","","","","","","","","","","","","","","","","","","","","","78.15","78.23","78.3","78.39","78.48","78.56","78.65","78.73","78.81","78.89","78.96","79.04","79.11","79.17","79.24","79.33","","","",
"Namibia","NAM","People using safely managed sanitation services (% of population)","SH.STA.SMSS.ZS","","","","","","","","","","","","","","","","","","","","","","","","","","","","","","","","","","","","","","","","","","","","","","","","","","","","","","","","","","","",
"New Caledonia","NCL","People using safely managed sanitation services (% of population)","SH.STA.SMSS.ZS","","","","","","","","","","","","","","","","","","","","","","","","","","","","","","","","","","","","","","","","","","","","","","","","","","","","","","","","","","","",
"Niger","NER","People using safely managed sanitation services (% of population)","SH.STA.SMSS.ZS","","","","","","","","","","","","","","","","","","","","","","","","","","","","","","","","","","","","","","","","","4.05673548139583","4.36092068711667","4.66822941742108","4.97888523726478","5.24833460011559","5.52095620812625","5.79730036680902","6.07735436155982","6.36129052600566","6.64969910899728","6.9423517142616","7.23985657990512","7.54218927389507","7.84976242462315","8.1630072946475","8.53215984957666","","","",
"Nigeria","NGA","People using safely managed sanitation services (% of population)","SH.STA.SMSS.ZS","","","","","","","","","","","","","","","","","","","","","","","","","","","","","","","","","","","","","","","","","","","","","","","","","","","","","","","","","","","",
"Nicaragua","NIC","People using safely managed sanitation services (% of population)","SH.STA.SMSS.ZS","","","","","","","","","","","","","","","","","","","","","","","","","","","","","","","","","","","","","","","","","","","","","","","","","","","","","","","","","","","",
"Netherlands","NLD","People using safely managed sanitation services (% of population)","SH.STA.SMSS.ZS","","","","","","","","","","","","","","","","","","","","","","","","","","","","","","","","","","","","","","","","","97.3922887404385","97.3971726326025","97.4032270631654","97.4090065762564","97.4145133590666","97.4197399855469","97.4244376633758","97.4286427898017","97.4326551416389","97.4365557254839","97.4403544804254","97.4439486263629","97.4473624853099","97.4505780535949","97.4535259075684","97.4562255796351","","","",
"Norway","NOR","People using safely managed sanitation services (% of population)","SH.STA.SMSS.ZS","","","","","","","","","","","","","","","","","","","","","","","","","","","","","","","","","","","","","","","","","75.6026248680263","75.7806622200083","75.9603734770882","76.1421435999197","76.3259269856947","76.5108935283833","76.6970074552805","76.8848253377657","77.0743457027103","77.2654512461288","77.458139609228","77.6524155370761","77.8482766785374","78.0457302101488","78.2447738074364","78.445405123038","","","",
"Nepal","NPL","People using safely managed sanitation services (% of population)","SH.STA.SMSS.ZS","","","","","","","","","","","","","","","","","","","","","","","","","","","","","","","","","","","","","","","","","","","","","","","","","","","","","","","","","","","",
"Nauru","NRU","People using safely managed sanitation services (% of population)","SH.STA.SMSS.ZS","","","","","","","","","","","","","","","","","","","","","","","","","","","","","","","","","","","","","","","","","","","","","","","","","","","","","","","","","","","",
"New Zealand","NZL","People using safely managed sanitation services (% of population)","SH.STA.SMSS.ZS","","","","","","","","","","","","","","","","","","","","","","","","","","","","","","","","","","","","","","","","","75.4763888888889","75.506746031746","75.5371031746032","75.5674603174603","75.5978174603175","75.6281746031746","75.6585317460317","75.6888888888889","75.719246031746","75.7496031746032","75.7799603174603","75.8103174603174","75.8406746031746","75.8710317460317","75.9013888888889","75.931746031746","","","",
"OECD members","OED","People using safely managed sanitation services (% of population)","SH.STA.SMSS.ZS","","","","","","","","","","","","","","","","","","","","","","","","","","","","","","","","","","","","","","","","","77.2301374736713","77.456969146422","77.7177815952163","77.9932630743402","78.3872362591119","78.8099440637753","80.0372121199782","80.4568872196092","80.8792281137385","81.3000606933946","81.7291304270982","82.1478253148678","82.5811475540408","83.0124747802296","83.4401582760004","83.7514461043934","","","",
"Oman","OMN","People using safely managed sanitation services (% of population)","SH.STA.SMSS.ZS","","","","","","","","","","","","","","","","","","","","","","","","","","","","","","","","","","","","","","","","","","","","","","","","","","","","","","","","","","","",
"Other small states","OSS","People using safely managed sanitation services (% of population)","SH.STA.SMSS.ZS","","","","","","","","","","","","","","","","","","","","","","","","","","","","","","","","","","","","","","","","","","","","","","","","","","","","","","","","","","","",
"Pakistan","PAK","People using safely managed sanitation services (% of population)","SH.STA.SMSS.ZS","","","","","","","","","","","","","","","","","","","","","","","","","","","","","","","","","","","","","","","","","","","","","","","","","","","","","","","","","","","",
"Panama","PAN","People using safely managed sanitation services (% of population)","SH.STA.SMSS.ZS","","","","","","","","","","","","","","","","","","","","","","","","","","","","","","","","","","","","","","","","","","","","","","","","","","","","","","","","","","","",
"Peru","PER","People using safely managed sanitation services (% of population)","SH.STA.SMSS.ZS","","","","","","","","","","","","","","","","","","","","","","","","","","","","","","","","","","","","","","","","","15.0646663288115","15.9755893014064","16.9009753978199","17.8409023324703","18.7953380474268","19.76425639043","20.7477862452103","21.7458522555799","22.7585783695039","23.785711486274","24.8273859754309","25.8835526172218","26.9543400223373","28.0397034799911","29.1397657718123","30.2545628585741","","","",
"Philippines","PHL","People using safely managed sanitation services (% of population)","SH.STA.SMSS.ZS","","","","","","","","","","","","","","","","","","","","","","","","","","","","","","","","","","","","","","","","","","","","","","","","","","","","","","","","","","","",
"Palau","PLW","People using safely managed sanitation services (% of population)","SH.STA.SMSS.ZS","","","","","","","","","","","","","","","","","","","","","","","","","","","","","","","","","","","","","","","","","16.7500396473426","17.2143702369227","17.64762173536","18.0529202385436","18.4320632426964","18.7889006526842","19.1344921830282","19.4719379764678","19.803184302084","20.130362706727","20.4550837212654","20.41448","20.18908","19.98272","19.79344","19.62012","","","",
"Papua New Guinea","PNG","People using safely managed sanitation services (% of population)","SH.STA.SMSS.ZS","","","","","","","","","","","","","","","","","","","","","","","","","","","","","","","","","","","","","","","","","","","","","","","","","","","","","","","","","","","",
"Poland","POL","People using safely managed sanitation services (% of population)","SH.STA.SMSS.ZS","","","","","","","","","","","","","","","","","","","","","","","","","","","","","","","","","","","","","","","","","70.7388784794318","71.1286132703463","71.5100597975475","71.8361606182925","72.292622015494","72.7500607996018","73.2088655251435","73.6682547381727","74.1282415730747","74.5895900034164","75.0519158688864","75.5152191784994","75.9867459062272","76.4104959210956","76.770876909507","77.1387416703942","","","",
"Pre-demographic dividend","PRE","People using safely managed sanitation services (% of population)","SH.STA.SMSS.ZS","","","","","","","","","","","","","","","","","","","","","","","","","","","","","","","","","","","","","","","","","","","","","","","","","","","","","","","","","","","",
"Puerto Rico","PRI","People using safely managed sanitation services (% of population)","SH.STA.SMSS.ZS","","","","","","","","","","","","","","","","","","","","","","","","","","","","","","","","","","","","","","","","","32.0699515121179","32.0732718197725","32.076592127427","32.0799124350816","32.0832327427362","32.0865530503908","32.0898733580454","32.0931936656999","32.0965139733545","32.0998342810091","32.1031545886637","32.1064748963183","32.1097952039728","32.1131155116274","32.116435819282","32.1197561269366","","","",
"Korea, Dem. People’s Rep.","PRK","People using safely managed sanitation services (% of population)","SH.STA.SMSS.ZS","","","","","","","","","","","","","","","","","","","","","","","","","","","","","","","","","","","","","","","","","","","","","","","","","","","","","","","","","","","",
"Portugal","PRT","People using safely managed sanitation services (% of population)","SH.STA.SMSS.ZS","","","","","","","","","","","","","","","","","","","","","","","","","","","","","","","","","","","","","","","","","59.7355793333596","59.8764303693328","60.0136809385182","60.1497232851009","60.284560061392","60.4177771925941","60.5499044501543","60.6806346025552","60.8100771452756","60.9379354932452","61.0645221821203","61.1897436670141","61.3130200953271","61.4341812432867","61.5533525748066","61.6705606947069","","","",
"Paraguay","PRY","People using safely managed sanitation services (% of population)","SH.STA.SMSS.ZS","","","","","","","","","","","","","","","","","","","","","","","","","","","","","","","","","","","","","","","","","","","","","","","","","","","","","","","","","","","",
"West Bank and Gaza","PSE","People using safely managed sanitation services (% of population)","SH.STA.SMSS.ZS","","","","","","","","","","","","","","","","","","","","","","","","","","","","","","","","","","","","","","","","","57.7340185995031","57.9025640966609","58.0714639054342","58.2405235760593","58.4099340500414","58.5794977216681","58.7493091906335","58.9194662160862","59.0897664640145","59.260612521653","59.4320089454683","59.6040637272478","59.7765753061844","59.9496508718615","60.1234007449439","60.2647076473672","","","",
"Pacific island small states","PSS","People using safely managed sanitation services (% of population)","SH.STA.SMSS.ZS","","","","","","","","","","","","","","","","","","","","","","","","","","","","","","","","","","","","","","","","","","","","","","","","","","","","","","","","","","","",
"Post-demographic dividend","PST","People using safely managed sanitation services (% of population)","SH.STA.SMSS.ZS","","","","","","","","","","","","","","","","","","","","","","","","","","","","","","","","","","","","","","","","","87.471209395561","87.5837448938709","87.7063879971853","87.8416540522473","88.001022635748","88.1717147879596","88.7680771865972","88.9272418178338","89.079384563063","89.2268167313369","89.3733057900399","89.5152114220288","89.6457285978074","89.7643272996633","89.8628351197139","89.9562729145793","","","",
"French Polynesia","PYF","People using safely managed sanitation services (% of population)","SH.STA.SMSS.ZS","","","","","","","","","","","","","","","","","","","","","","","","","","","","","","","","","","","","","","","","","","","","","","","","","","","","","","","","","","","",
"Qatar","QAT","People using safely managed sanitation services (% of population)","SH.STA.SMSS.ZS","","","","","","","","","","","","","","","","","","","","","","","","","","","","","","","","","","","","","","","","","","","88.1583333333333","88.1583333333333","88.1583333333333","88.1583333333333","88.1583333333333","88.1907407407408","88.2231481481482","88.2555555555556","88.287962962963","88.3203703703704","88.3527777777778","88.3851851851852","88.4175925925926","88.45","","","",
"Romania","ROU","People using safely managed sanitation services (% of population)","SH.STA.SMSS.ZS","","","","","","","","","","","","","","","","","","","","","","","","","","","","","","","","","","","","","","","","","","","","","","","44.8787974613332","45.8536943097942","46.9236266144158","48.0885960915609","49.348604454874","50.7036534152868","52.1537446810237","53.7005158537359","55.3440974492616","57.0843686420133","","","",
"Russian Federation","RUS","People using safely managed sanitation services (% of population)","SH.STA.SMSS.ZS","","","","","","","","","","","","","","","","","","","","","","","","","","","","","","","","","","","","","","","","","","","","","","","","","","","","","","","","","","","",
"Rwanda","RWA","People using safely managed sanitation services (% of population)","SH.STA.SMSS.ZS","","","","","","","","","","","","","","","","","","","","","","","","","","","","","","","","","","","","","","","","","","","","","","","","","","","","","","","","","","","",
"South Asia","SAS","People using safely managed sanitation services (% of population)","SH.STA.SMSS.ZS","","","","","","","","","","","","","","","","","","","","","","","","","","","","","","","","","","","","","","","","","","","","","","","","","","","","","","","","","","","",
"Saudi Arabia","SAU","People using safely managed sanitation services (% of population)","SH.STA.SMSS.ZS","","","","","","","","","","","","","","","","","","","","","","","","","","","","","","","","","","","","","","","","","63.7666427731148","63.7666427731148","63.7666427731148","65.8625410636965","67.9584393542782","70.0543376448603","72.150235935442","74.2461342260237","76.3420325166059","78.4379308071876","80.5338290977693","82.5158338948172","84.4978386918647","84.4978386918647","84.4978386918647","84.4978386918647","","","",
"Sudan","SDN","People using safely managed sanitation services (% of population)","SH.STA.SMSS.ZS","","","","","","","","","","","","","","","","","","","","","","","","","","","","","","","","","","","","","","","","","","","","","","","","","","","","","","","","","","","",
"Senegal","SEN","People using safely managed sanitation services (% of population)","SH.STA.SMSS.ZS","","","","","","","","","","","","","","","","","","","","","","","","","","","","","","","","","","","","","","","","","17.6291691137994","18.0471396906882","18.4656799380722","18.8846699264491","19.3059149031192","19.7294650883609","20.1554939967986","20.5839317933024","21.0148294785598","21.4482382521497","21.884337295535","22.3229237016683","22.7644361442745","23.2085392967673","23.6555465811058","24.1052457687137","","","",
"Singapore","SGP","People using safely managed sanitation services (% of population)","SH.STA.SMSS.ZS","","","","","","","","","","","","","","","","","","","","","","","","","","","","","","","","","","","","","","","","","100","100","100","100","100","100","100","100","100","100","100","100","100","100","100","100","","","",
"Solomon Islands","SLB","People using safely managed sanitation services (% of population)","SH.STA.SMSS.ZS","","","","","","","","","","","","","","","","","","","","","","","","","","","","","","","","","","","","","","","","","","","","","","","","","","","","","","","","","","","",
"Sierra Leone","SLE","People using safely managed sanitation services (% of population)","SH.STA.SMSS.ZS","","","","","","","","","","","","","","","","","","","","","","","","","","","","","","","","","","","","","","","","","","","","","","","","","","","","","","","","","","","",
"El Salvador","SLV","People using safely managed sanitation services (% of population)","SH.STA.SMSS.ZS","","","","","","","","","","","","","","","","","","","","","","","","","","","","","","","","","","","","","","","","","","","","","","","","","","","","","","","","","","","",
"San Marino","SMR","People using safely managed sanitation services (% of population)","SH.STA.SMSS.ZS","","","","","","","","","","","","","","","","","","","","","","","","","","","","","","","","","","","","","","","","","77.8715","77.8715","77.8715","77.8715","77.8715","77.8715","77.8715","77.8715","77.8715","77.8715","77.8715","77.8715","77.8715","77.8715","77.8715","77.8715","","","",
"Somalia","SOM","People using safely managed sanitation services (% of population)","SH.STA.SMSS.ZS","","","","","","","","","","","","","","","","","","","","","","","","","","","","","","","","","","","","","","","","","19.5377230121702","19.2284610304039","18.9111823708871","18.5873982175431","18.2568159563838","17.9188432357434","17.5737992078658","17.2210793738525","16.8601280719885","16.4911913494806","16.1134626735153","15.7266862796708","15.3308208181771","14.9255740585135","14.5104639105406","14.0852349442355","","","",
"Serbia","SRB","People using safely managed sanitation services (% of population)","SH.STA.SMSS.ZS","","","","","","","","","","","","","","","","","","","","","","","","","","","","","","","","","","","","","","","","","29.3781745188622","29.2060686409711","29.0350894008104","28.8652367980291","28.6967628572976","28.445979005866","27.9702261502826","27.4932625400826","27.068071032743","26.6413890650112","26.2129782916229","25.7826059760618","25.3507600264049","24.9131837087008","24.4702013922571","24.021902290885","","","",
"Sub-Saharan Africa (excluding high income)","SSA","People using safely managed sanitation services (% of population)","SH.STA.SMSS.ZS","","","","","","","","","","","","","","","","","","","","","","","","","","","","","","","","","","","","","","","","","","","","","","","","","","","","","","","","","","","",
"South Sudan","SSD","People using safely managed sanitation services (% of population)","SH.STA.SMSS.ZS","","","","","","","","","","","","","","","","","","","","","","","","","","","","","","","","","","","","","","","","","","","","","","","","","","","","","","","","","","","",
"Sub-Saharan Africa","SSF","People using safely managed sanitation services (% of population)","SH.STA.SMSS.ZS","","","","","","","","","","","","","","","","","","","","","","","","","","","","","","","","","","","","","","","","","","","","","","","","","","","","","","","","","","","",
"Small states","SST","People using safely managed sanitation services (% of population)","SH.STA.SMSS.ZS","","","","","","","","","","","","","","","","","","","","","","","","","","","","","","","","","","","","","","","","","","","","","","","","","","","","","","","","","","","",
"Sao Tome and Principe","STP","People using safely managed sanitation services (% of population)","SH.STA.SMSS.ZS","","","","","","","","","","","","","","","","","","","","","","","","","","","","","","","","","","","","","","","","","","","","","","","","","","","","","","","","","","","",
"Suriname","SUR","People using safely managed sanitation services (% of population)","SH.STA.SMSS.ZS","","","","","","","","","","","","","","","","","","","","","","","","","","","","","","","","","","","","","","","","","","","","","","","","","","","","","","","","","","","",
"Slovak Republic","SVK","People using safely managed sanitation services (% of population)","SH.STA.SMSS.ZS","","","","","","","","","","","","","","","","","","","","","","","","","","","","","","","","","","","","","","","","","81.988253964054","81.9827184393684","81.9666339106145","81.9505651498839","81.934512157696","81.9184749345687","81.902321747468","81.8861844395449","81.8701946357584","81.8540890331928","81.8216916123219","81.7893240083621","81.7606653333818","81.7358421341136","81.7149807961088","81.6979450904935","","","",
"Slovenia","SVN","People using safely managed sanitation services (% of population)","SH.STA.SMSS.ZS","","","","","","","","","","","","","","","","","","","","","","","","","","","","","","","","","","","","","","","","","74.0135347282806","73.8527919210661","73.692037600682","73.531250432765","73.3704634133327","73.7413075854352","74.1049260299458","74.4613187568759","74.8104854006859","75.152427098038","75.4871423533442","75.8146323084171","76.1348965960005","76.1059326131295","75.9150974847184","75.7242716118237","","","",
"Sweden","SWE","People using safely managed sanitation services (% of population)","SH.STA.SMSS.ZS","","","","","","","","","","","","","","","","","","","","","","","","","","","","","","","","","","","","","","","","","91.2179270129058","91.2865848006617","91.3562163004404","91.4259106668373","91.4955537938719","91.5651455418653","91.6376037747773","91.7127636527855","91.7879382116729","91.8630127434457","91.9379869713418","92.0129755106152","92.0879208688698","92.1623351605964","92.2366073853305","92.3108357443596","","","",
"Eswatini","SWZ","People using safely managed sanitation services (% of population)","SH.STA.SMSS.ZS","","","","","","","","","","","","","","","","","","","","","","","","","","","","","","","","","","","","","","","","","","","","","","","","","","","","","","","","","","","",
"Sint Maarten (Dutch part)","SXM","People using safely managed sanitation services (% of population)","SH.STA.SMSS.ZS","","","","","","","","","","","","","","","","","","","","","","","","","","","","","","","","","","","","","","","","","","","","","","","","","","","","","","","","","","","",
"Seychelles","SYC","People using safely managed sanitation services (% of population)","SH.STA.SMSS.ZS","","","","","","","","","","","","","","","","","","","","","","","","","","","","","","","","","","","","","","","","","","","","","","","","","","","","","","","","","","","",
"Syrian Arab Republic","SYR","People using safely managed sanitation services (% of population)","SH.STA.SMSS.ZS","","","","","","","","","","","","","","","","","","","","","","","","","","","","","","","","","","","","","","","","","","","","","","","","","","","","","","","","","","","",
"Turks and Caicos Islands","TCA","People using safely managed sanitation services (% of population)","SH.STA.SMSS.ZS","","","","","","","","","","","","","","","","","","","","","","","","","","","","","","","","","","","","","","","","","","","","","","","","","","","","","","","","","","","",
"Chad","TCD","People using safely managed sanitation services (% of population)","SH.STA.SMSS.ZS","","","","","","","","","","","","","","","","","","","","","","","","","","","","","","","","","","","","","","","","","","","","","","","","","","","","","","","","","","","",
"East Asia & Pacific (IDA & IBRD countries)","TEA","People using safely managed sanitation services (% of population)","SH.STA.SMSS.ZS","","","","","","","","","","","","","","","","","","","","","","","","","","","","","","","","","","","","","","","","","29.9479844018986","30.0558640948891","30.4352784884809","32.2835677596053","34.2052050413035","36.2012052448657","38.2698968944892","40.4252577359719","42.6536402411111","44.9547165096698","47.3291993690097","49.7765438090383","52.2892735104272","54.8630229636124","57.4941258216527","60.1779826221652","","","",
"Europe & Central Asia (IDA & IBRD countries)","TEC","People using safely managed sanitation services (% of population)","SH.STA.SMSS.ZS","","","","","","","","","","","","","","","","","","","","","","","","","","","","","","","","","","","","","","","","","","","","","","","","","","","","","","","","","","","",
"Togo","TGO","People using safely managed sanitation services (% of population)","SH.STA.SMSS.ZS","","","","","","","","","","","","","","","","","","","","","","","","","","","","","","","","","","","","","","","","","","","","","","","","","","","","","","","","","","","",
"Thailand","THA","People using safely managed sanitation services (% of population)","SH.STA.SMSS.ZS","","","","","","","","","","","","","","","","","","","","","","","","","","","","","","","","","","","","","","","","","","","","","","","","","","","","","","","","","","","",
"Tajikistan","TJK","People using safely managed sanitation services (% of population)","SH.STA.SMSS.ZS","","","","","","","","","","","","","","","","","","","","","","","","","","","","","","","","","","","","","","","","","","","","","","","","","","","","","","","","","","","",
"Turkmenistan","TKM","People using safely managed sanitation services (% of population)","SH.STA.SMSS.ZS","","","","","","","","","","","","","","","","","","","","","","","","","","","","","","","","","","","","","","","","","","","","","","","","","","","","","","","","","","","",
"Latin America & the Caribbean (IDA & IBRD countries)","TLA","People using safely managed sanitation services (% of population)","SH.STA.SMSS.ZS","","","","","","","","","","","","","","","","","","","","","","","","","","","","","","","","","","","","","","","","","23.4750492809567","24.2458223863519","25.036162327376","25.8473532398801","26.6793533937923","27.5338741966202","28.410760099617","29.3106486751188","30.2339303554474","31.1798080939591","32.147418509606","33.1376681085902","34.1502159686001","35.1855440285361","36.2235045375131","37.2771783303156","","","",
"Timor-Leste","TLS","People using safely managed sanitation services (% of population)","SH.STA.SMSS.ZS","","","","","","","","","","","","","","","","","","","","","","","","","","","","","","","","","","","","","","","","","","","","","","","","","","","","","","","","","","","",
"Middle East & North Africa (IDA & IBRD countries)","TMN","People using safely managed sanitation services (% of population)","SH.STA.SMSS.ZS","","","","","","","","","","","","","","","","","","","","","","","","","","","","","","","","","","","","","","","","","","","","","","","","","","","","","","","","","","","",
"Tonga","TON","People using safely managed sanitation services (% of population)","SH.STA.SMSS.ZS","","","","","","","","","","","","","","","","","","","","","","","","","","","","","","","","","","","","","","","","","","","","","","","","","","","","","","","","","","","",
"South Asia (IDA & IBRD)","TSA","People using safely managed sanitation services (% of population)","SH.STA.SMSS.ZS","","","","","","","","","","","","","","","","","","","","","","","","","","","","","","","","","","","","","","","","","","","","","","","","","","","","","","","","","","","",
"Sub-Saharan Africa (IDA & IBRD countries)","TSS","People using safely managed sanitation services (% of population)","SH.STA.SMSS.ZS","","","","","","","","","","","","","","","","","","","","","","","","","","","","","","","","","","","","","","","","","","","","","","","","","","","","","","","","","","","",
"Trinidad and Tobago","TTO","People using safely managed sanitation services (% of population)","SH.STA.SMSS.ZS","","","","","","","","","","","","","","","","","","","","","","","","","","","","","","","","","","","","","","","","","","","","","","","","","","","","","","","","","","","",
"Tunisia","TUN","People using safely managed sanitation services (% of population)","SH.STA.SMSS.ZS","","","","","","","","","","","","","","","","","","","","","","","","","","","","","","","","","","","","","","","","","57.7063811053944","58.5562738554037","59.4020908196927","60.634532148357","61.862126754513","63.0240061791173","64.1973567051324","65.3822431044156","66.5796370649517","67.7882479957673","69.0095084907717","70.2425739016386","71.4916917090773","72.298548221508","73.082682415783","73.4568519608957","","","",
"Turkey","TUR","People using safely managed sanitation services (% of population)","SH.STA.SMSS.ZS","","","","","","","","","","","","","","","","","","","","","","","","","","","","","","","","","","","","","","","","","22.9850953264862","22.9523709303154","23.1953340870899","23.4346939736507","25.1085739129884","26.8220101097191","28.6288473920884","30.4668050372009","32.3335867612373","34.2287578726611","36.1518159175007","38.1023306263454","40.079721001101","42.0833204847717","44.1125081833199","44.292399032999","","","",
"Tuvalu","TUV","People using safely managed sanitation services (% of population)","SH.STA.SMSS.ZS","","","","","","","","","","","","","","","","","","","","","","","","","","","","","","","","","","","","","","","","","","7.57386896730993","7.5675560760948","7.55506832308295","7.53940907054127","7.52376540168265","7.80169508620298","8.06205856960999","8.3048559288325","8.53033573777971","8.73851040184428","8.92945734808793","9.10325400425154","9.23742767693503","9.05842299176514","8.97960539818138","","","",
"Tanzania","TZA","People using safely managed sanitation services (% of population)","SH.STA.SMSS.ZS","","","","","","","","","","","","","","","","","","","","","","","","","","","","","","","","","","","","","","","","","","","","","","","","","","","","","","","","","","","",
"Uganda","UGA","People using safely managed sanitation services (% of population)","SH.STA.SMSS.ZS","","","","","","","","","","","","","","","","","","","","","","","","","","","","","","","","","","","","","","","","","","","","","","","","","","","","","","","","","","","",
"Ukraine","UKR","People using safely managed sanitation services (% of population)","SH.STA.SMSS.ZS","","","","","","","","","","","","","","","","","","","","","","","","","","","","","","","","","","","","","","","","","","","","","","","","","","","","","","","","","","","",
"Upper middle income","UMC","People using safely managed sanitation services (% of population)","SH.STA.SMSS.ZS","","","","","","","","","","","","","","","","","","","","","","","","","","","","","","","","","","","","","","","","","29.12","29.34","29.71","31.01","32.35","33.73","35.11","36.57","38.08","39.62","41.21","43.08","44.72","46.37","48.03","49.68","","","",
"Uruguay","URY","People using safely managed sanitation services (% of population)","SH.STA.SMSS.ZS","","","","","","","","","","","","","","","","","","","","","","","","","","","","","","","","","","","","","","","","","61.5413576550434","61.5975852118058","61.6519708598533","61.7049236695635","61.7560348895656","61.940854596907","62.1223079203064","62.3002896476146","62.4750868990333","62.6466027531532","62.8152956678928","62.9810645932806","63.1439963689612","63.3035090961963","63.4597393015353","63.6129824225675","","","",
"United States","USA","People using safely managed sanitation services (% of population)","SH.STA.SMSS.ZS","","","","","","","","","","","","","","","","","","","","","","","","","","","","","","","","","","","","","","","","","89.0744156854445","89.1034536769391","89.1318156564216","89.1598064986943","89.1877303080668","89.2146770830901","89.2415579809528","89.2680700530852","89.294213877357","89.3199900316381","89.3450967230985","89.3707438197843","89.3963261950492","89.4221456417233","89.4482015819367","89.4994736170984","","","",
"Uzbekistan","UZB","People using safely managed sanitation services (% of population)","SH.STA.SMSS.ZS","","","","","","","","","","","","","","","","","","","","","","","","","","","","","","","","","","","","","","","","","","","","","","","","","","","","","","","","","","","",
"St. Vincent and the Grenadines","VCT","People using safely managed sanitation services (% of population)","SH.STA.SMSS.ZS","","","","","","","","","","","","","","","","","","","","","","","","","","","","","","","","","","","","","","","","","","","","","","","","","","","","","","","","","","","",
"Venezuela, RB","VEN","People using safely managed sanitation services (% of population)","SH.STA.SMSS.ZS","","","","","","","","","","","","","","","","","","","","","","","","","","","","","","","","","","","","","","","","","17.4128676590979","17.5378676586236","17.6695287346062","17.8056106229294","17.9410292346613","18.0758708220244","18.2099707767236","18.3435094993539","18.4764007376927","18.6086444917399","18.7402407614956","18.8711895469599","19.0014908481327","19.1278757746745","19.1208513975334","19.1135281107266","","","",
"British Virgin Islands","VGB","People using safely managed sanitation services (% of population)","SH.STA.SMSS.ZS","","","","","","","","","","","","","","","","","","","","","","","","","","","","","","","","","","","","","","","","","","","","","","","","","","","","","","","","","","","",
"Virgin Islands (U.S.)","VIR","People using safely managed sanitation services (% of population)","SH.STA.SMSS.ZS","","","","","","","","","","","","","","","","","","","","","","","","","","","","","","","","","","","","","","","","","","","","","","","","","","","","","","","","","","","",
"Vietnam","VNM","People using safely managed sanitation services (% of population)","SH.STA.SMSS.ZS","","","","","","","","","","","","","","","","","","","","","","","","","","","","","","","","","","","","","","","","","","","","","","","","","","","","","","","","","","","",
"Vanuatu","VUT","People using safely managed sanitation services (% of population)","SH.STA.SMSS.ZS","","","","","","","","","","","","","","","","","","","","","","","","","","","","","","","","","","","","","","","","","","","","","","","","","","","","","","","","","","","",
"World","WLD","People using safely managed sanitation services (% of population)","SH.STA.SMSS.ZS","","","","","","","","","","","","","","","","","","","","","","","","","","","","","","","","","","","","","","","","","28.68","28.92","29.22","29.91","30.61","31.34","32.45","33.21","33.97","34.74","35.5","36.26","37.02","37.77","38.51","39.25","","","",
"Samoa","WSM","People using safely managed sanitation services (% of population)","SH.STA.SMSS.ZS","","","","","","","","","","","","","","","","","","","","","","","","","","","","","","","","","","","","","","","","","","","","","","","","","","","","","","","","","","","",
"Kosovo","XKX","People using safely managed sanitation services (% of population)","SH.STA.SMSS.ZS","","","","","","","","","","","","","","","","","","","","","","","","","","","","","","","","","","","","","","","","","","","","","","","","","","","","","","","","","","","",
"Yemen, Rep.","YEM","People using safely managed sanitation services (% of population)","SH.STA.SMSS.ZS","","","","","","","","","","","","","","","","","","","","","","","","","","","","","","","","","","","","","","","","","","","","","","","","","","","","","","","","","","","",
"South Africa","ZAF","People using safely managed sanitation services (% of population)","SH.STA.SMSS.ZS","","","","","","","","","","","","","","","","","","","","","","","","","","","","","","","","","","","","","","","","","","","","","","","","","","","","","","","","","","","",
"Zambia","ZMB","People using safely managed sanitation services (% of population)","SH.STA.SMSS.ZS","","","","","","","","","","","","","","","","","","","","","","","","","","","","","","","","","","","","","","","","","","","","","","","","","","","","","","","","","","","",
"Zimbabwe","ZWE","People using safely managed sanitation services (% of population)","SH.STA.SMSS.ZS","","","","","","","","","","","","","","","","","","","","","","","","","","","","","","","","","","","","","","","","","","","","","","","","","","","","","","","","","","","",
